{
    "effective_district_score": {
        "black": {
            "1": 0.17173884667813002,
            "2": 0.4484278182435083,
            "3": 0.18092763760705585,
            "4": 0.21564071933224202,
            "5": 0.4396081849541272,
            "6": 0.973128471356273,
            "7": 0.4680421126562885
        }
    },
    "effective_district_count": {
        "black": 1
    }
}