{
    "effective_district_score": {
        "hispanic": {
            "1": 0.09846344660131014,
            "2": 0.085397559809161,
            "3": 0.0881257514412582,
            "4": 0.040009154557289026,
            "5": 0.047398657935946914,
            "6": 0.20244050742555597
        }
    },
    "effective_district_count": {
        "hispanic": 0
    }
}